org_list,0,1,total,prop_0,prop_1,diff
Pepper,23,2,25,0.020228671943711522,0.002967359050445104,0.01726131289326642
Brokeridge,19,0,19,0.016710642040457344,0.0,0.016710642040457344
Indigo,23,3,26,0.020228671943711522,0.004451038575667656,0.015777633368043865
Indies,14,0,14,0.012313104661389622,0.0,0.012313104661389622
Price,12,0,12,0.010554089709762533,0.0,0.010554089709762533
Ships,17,3,20,0.014951627088830254,0.004451038575667656,0.010500588513162597
Nation,10,0,10,0.008795074758135445,0.0,0.008795074758135445
Antuerp,9,0,9,0.0079155672823219,0.0,0.0079155672823219
the East Indies,12,2,14,0.010554089709762533,0.002967359050445104,0.007586730659317429
Danes,8,0,8,0.007036059806508356,0.0,0.007036059806508356
Nutmegs,9,1,10,0.0079155672823219,0.001483679525222552,0.006431887757099348
Frankford,6,0,6,0.005277044854881266,0.0,0.005277044854881266
Cloves,11,3,14,0.009674582233948988,0.004451038575667656,0.005223543658281332
Commerce,7,1,8,0.006156552330694811,0.001483679525222552,0.004672872805472259
Fleetwood,5,0,5,0.0043975373790677225,0.0,0.0043975373790677225
Doller,5,0,5,0.0043975373790677225,0.0,0.0043975373790677225
Staple,5,0,5,0.0043975373790677225,0.0,0.0043975373790677225
Nobility,5,0,5,0.0043975373790677225,0.0,0.0043975373790677225
Par,13,5,18,0.011433597185576077,0.00741839762611276,0.004015199559463317
Bills,18,8,26,0.0158311345646438,0.011869436201780416,0.003961698362863385
the East-Indies,4,0,4,0.003518029903254178,0.0,0.003518029903254178
Scotch Prizes,4,0,4,0.003518029903254178,0.0,0.003518029903254178
the Philip Doller,4,0,4,0.003518029903254178,0.0,0.003518029903254178
Easterlings,4,0,4,0.003518029903254178,0.0,0.003518029903254178
Mariners,4,0,4,0.003518029903254178,0.0,0.003518029903254178
the Naturall Exchange,4,0,4,0.003518029903254178,0.0,0.003518029903254178
Voyage,4,0,4,0.003518029903254178,0.0,0.003518029903254178
Crown,7,2,9,0.006156552330694811,0.002967359050445104,0.003189193280249707
Bills of Exchanges,5,1,6,0.0043975373790677225,0.001483679525222552,0.0029138578538451705
Magistrate,3,0,3,0.002638522427440633,0.0,0.002638522427440633
Ducats 12111 Duc,3,0,3,0.002638522427440633,0.0,0.002638522427440633
Madrill to Lixborne,3,0,3,0.002638522427440633,0.0,0.002638522427440633
Foreign Dealers,3,0,3,0.002638522427440633,0.0,0.002638522427440633
the Complaint of our Clothiers,3,0,3,0.002638522427440633,0.0,0.002638522427440633
Asper,3,0,3,0.002638522427440633,0.0,0.002638522427440633
Banks and Bankers,3,0,3,0.002638522427440633,0.0,0.002638522427440633
Bank,3,0,3,0.002638522427440633,0.0,0.002638522427440633
Creutzers,3,0,3,0.002638522427440633,0.0,0.002638522427440633
Confession,3,0,3,0.002638522427440633,0.0,0.002638522427440633
Peate,3,0,3,0.002638522427440633,0.0,0.002638522427440633
State,3,0,3,0.002638522427440633,0.0,0.002638522427440633
Royal,3,0,3,0.002638522427440633,0.0,0.002638522427440633
the Societies of Merchants,3,0,3,0.002638522427440633,0.0,0.002638522427440633
Merchants,13,6,19,0.011433597185576077,0.008902077151335312,0.0025315200342407654
Trades,6,2,8,0.005277044854881266,0.002967359050445104,0.0023096858044361623
WHEAT,6,2,8,0.005277044854881266,0.002967359050445104,0.0023096858044361623
the West-Indies,2,0,2,0.001759014951627089,0.0,0.001759014951627089
the firſt Exchange,2,0,2,0.001759014951627089,0.0,0.001759014951627089
this Trade for England,2,0,2,0.001759014951627089,0.0,0.001759014951627089
the Fruits of the Earth,2,0,2,0.001759014951627089,0.0,0.001759014951627089
the English Merchants,2,0,2,0.001759014951627089,0.0,0.001759014951627089
the Sugar-Bakers,2,0,2,0.001759014951627089,0.0,0.001759014951627089
Account,2,0,2,0.001759014951627089,0.0,0.001759014951627089
Suetornius & Di●n.,2,0,2,0.001759014951627089,0.0,0.001759014951627089
Strength,2,0,2,0.001759014951627089,0.0,0.001759014951627089
Tenpence,2,0,2,0.001759014951627089,0.0,0.001759014951627089
Territory,2,0,2,0.001759014951627089,0.0,0.001759014951627089
Sugar-Bakers,2,0,2,0.001759014951627089,0.0,0.001759014951627089
Considerations,2,0,2,0.001759014951627089,0.0,0.001759014951627089
Constable,2,0,2,0.001759014951627089,0.0,0.001759014951627089
Usurers,2,0,2,0.001759014951627089,0.0,0.001759014951627089
Treasury,2,0,2,0.001759014951627089,0.0,0.001759014951627089
Traffic and Commerce,2,0,2,0.001759014951627089,0.0,0.001759014951627089
Ware,2,0,2,0.001759014951627089,0.0,0.001759014951627089
fed,2,0,2,0.001759014951627089,0.0,0.001759014951627089
Brazeil-Fleets,2,0,2,0.001759014951627089,0.0,0.001759014951627089
Bills of Exchanges for,2,0,2,0.001759014951627089,0.0,0.001759014951627089
Bills of Exchange,2,0,2,0.001759014951627089,0.0,0.001759014951627089
the Cloth Trade,2,0,2,0.001759014951627089,0.0,0.001759014951627089
"house, & finding",2,0,2,0.001759014951627089,0.0,0.001759014951627089
Younger,2,0,2,0.001759014951627089,0.0,0.001759014951627089
Buenos Ayres,2,0,2,0.001759014951627089,0.0,0.001759014951627089
Callings,2,0,2,0.001759014951627089,0.0,0.001759014951627089
Calculations,2,0,2,0.001759014951627089,0.0,0.001759014951627089
English & foreign coin all,2,0,2,0.001759014951627089,0.0,0.001759014951627089
Elder Servants,2,0,2,0.001759014951627089,0.0,0.001759014951627089
Par of Exchange,2,0,2,0.001759014951627089,0.0,0.001759014951627089
Owner,2,0,2,0.001759014951627089,0.0,0.001759014951627089
Penny,2,0,2,0.001759014951627089,0.0,0.001759014951627089
Profession,2,0,2,0.001759014951627089,0.0,0.001759014951627089
Plenty,2,0,2,0.001759014951627089,0.0,0.001759014951627089
Patentees,2,0,2,0.001759014951627089,0.0,0.001759014951627089
Relations and Acquaintance,2,0,2,0.001759014951627089,0.0,0.001759014951627089
Sattin-Doublet,2,0,2,0.001759014951627089,0.0,0.001759014951627089
Profit,2,0,2,0.001759014951627089,0.0,0.001759014951627089
Stones,2,0,2,0.001759014951627089,0.0,0.001759014951627089
Servant,2,0,2,0.001759014951627089,0.0,0.001759014951627089
Shiping,2,0,2,0.001759014951627089,0.0,0.001759014951627089
Riches,2,0,2,0.001759014951627089,0.0,0.001759014951627089
Rider,2,0,2,0.001759014951627089,0.0,0.001759014951627089
Stock of Flemish Prizes,2,0,2,0.001759014951627089,0.0,0.001759014951627089
Coach,2,0,2,0.001759014951627089,0.0,0.001759014951627089
Spanish Tobacco,2,0,2,0.001759014951627089,0.0,0.001759014951627089
Standard,2,0,2,0.001759014951627089,0.0,0.001759014951627089
Soldiers,2,0,2,0.001759014951627089,0.0,0.001759014951627089
Times,2,0,2,0.001759014951627089,0.0,0.001759014951627089
Triumphant Chariot,2,0,2,0.001759014951627089,0.0,0.001759014951627089
Trade to England,2,0,2,0.001759014951627089,0.0,0.001759014951627089
The Accidental Reciprocal Exchanges,2,0,2,0.001759014951627089,0.0,0.001759014951627089
Marks,2,0,2,0.001759014951627089,0.0,0.001759014951627089
Lowndes’s Essay,2,0,2,0.001759014951627089,0.0,0.001759014951627089
Knights and Gentry,2,0,2,0.001759014951627089,0.0,0.001759014951627089
Lawns,2,0,2,0.001759014951627089,0.0,0.001759014951627089
Mace,2,0,2,0.001759014951627089,0.0,0.001759014951627089
Doors,2,0,2,0.001759014951627089,0.0,0.001759014951627089
Memories,2,0,2,0.001759014951627089,0.0,0.001759014951627089
Guiny,2,0,2,0.001759014951627089,0.0,0.001759014951627089
Growers and Clothiers,2,0,2,0.001759014951627089,0.0,0.001759014951627089
Houses of Parliament,2,0,2,0.001759014951627089,0.0,0.001759014951627089
House,2,0,2,0.001759014951627089,0.0,0.001759014951627089
Immunities and Privileges,2,0,2,0.001759014951627089,0.0,0.001759014951627089
Imperial Royal,2,0,2,0.001759014951627089,0.0,0.001759014951627089
King's Customs,2,0,2,0.001759014951627089,0.0,0.001759014951627089
Interest,2,0,2,0.001759014951627089,0.0,0.001759014951627089
Law on Butchers,2,0,2,0.001759014951627089,0.0,0.001759014951627089
Latter,2,0,2,0.001759014951627089,0.0,0.001759014951627089
Justice,2,0,2,0.001759014951627089,0.0,0.001759014951627089
Exchequer,2,0,2,0.001759014951627089,0.0,0.001759014951627089
Freight,2,0,2,0.001759014951627089,0.0,0.001759014951627089
Flem,2,0,2,0.001759014951627089,0.0,0.001759014951627089
Eton,2,0,2,0.001759014951627089,0.0,0.001759014951627089
Gold or Bullion,2,0,2,0.001759014951627089,0.0,0.001759014951627089
the Public Interest,2,0,2,0.001759014951627089,0.0,0.001759014951627089
the Starlin Standard,2,0,2,0.001759014951627089,0.0,0.001759014951627089
the Silver Coin,2,0,2,0.001759014951627089,0.0,0.001759014951627089
"the Seas, Th'",2,0,2,0.001759014951627089,0.0,0.001759014951627089
English Merchants,2,0,2,0.001759014951627089,0.0,0.001759014951627089
Essential to Trade as Victuals,2,0,2,0.001759014951627089,0.0,0.001759014951627089
Fathers,2,0,2,0.001759014951627089,0.0,0.001759014951627089
the Provincial Mints,2,0,2,0.001759014951627089,0.0,0.001759014951627089
Barbadoes Sugars,2,0,2,0.001759014951627089,0.0,0.001759014951627089
the Owner of the Ship,2,0,2,0.001759014951627089,0.0,0.001759014951627089
the Nobility of England,2,0,2,0.001759014951627089,0.0,0.001759014951627089
the Natiue Commodities,2,0,2,0.001759014951627089,0.0,0.001759014951627089
Anderson’s Diplomata Scotiae,2,0,2,0.001759014951627089,0.0,0.001759014951627089
Assignes,2,0,2,0.001759014951627089,0.0,0.001759014951627089
Annum,2,0,2,0.001759014951627089,0.0,0.001759014951627089
Army,2,0,2,0.001759014951627089,0.0,0.001759014951627089
Clothes,12,6,18,0.010554089709762533,0.008902077151335312,0.0016520125584272207
Money,5,2,7,0.0043975373790677225,0.002967359050445104,0.0014301783286226185
MICHAELMAS,3,1,4,0.002638522427440633,0.001483679525222552,0.0011548429022180812
Usury,3,1,4,0.002638522427440633,0.001483679525222552,0.0011548429022180812
Levant Wines,3,1,4,0.002638522427440633,0.001483679525222552,0.0011548429022180812
the Notaries Protest,1,0,1,0.0008795074758135445,0.0,0.0008795074758135445
Assurors,1,0,1,0.0008795074758135445,0.0,0.0008795074758135445
Aueridges,1,0,1,0.0008795074758135445,0.0,0.0008795074758135445
Bees of a,1,0,1,0.0008795074758135445,0.0,0.0008795074758135445
this Trade in Spice,1,0,1,0.0008795074758135445,0.0,0.0008795074758135445
Action and Paſsion,1,0,1,0.0008795074758135445,0.0,0.0008795074758135445
Aristotle of Thales Milesius,1,0,1,0.0008795074758135445,0.0,0.0008795074758135445
the Owners or Partners,1,0,1,0.0008795074758135445,0.0,0.0008795074758135445
the royal Exchange,1,0,1,0.0008795074758135445,0.0,0.0008795074758135445
this Instance of Woollen Manufacture,1,0,1,0.0008795074758135445,0.0,0.0008795074758135445
the Valuation of Merchants,1,0,1,0.0008795074758135445,0.0,0.0008795074758135445
exchequer & mints,1,0,1,0.0008795074758135445,0.0,0.0008795074758135445
fidelity,1,0,1,0.0008795074758135445,0.0,0.0008795074758135445
the West-Indies Fleet,1,0,1,0.0008795074758135445,0.0,0.0008795074758135445
the burden & can,1,0,1,0.0008795074758135445,0.0,0.0008795074758135445
Accidents,1,0,1,0.0008795074758135445,0.0,0.0008795074758135445
the Bank of England,1,0,1,0.0008795074758135445,0.0,0.0008795074758135445
"the Banks of Madrill, Lions",1,0,1,0.0008795074758135445,0.0,0.0008795074758135445
Foreigner,1,0,1,0.0008795074758135445,0.0,0.0008795074758135445
Free Trade,1,0,1,0.0008795074758135445,0.0,0.0008795074758135445
Bailifeses,1,0,1,0.0008795074758135445,0.0,0.0008795074758135445
Banckes,1,0,1,0.0008795074758135445,0.0,0.0008795074758135445
"Accizes, Imposts",1,0,1,0.0008795074758135445,0.0,0.0008795074758135445
the Office of the King's,1,0,1,0.0008795074758135445,0.0,0.0008795074758135445
"Hamborough, Stoade",1,0,1,0.0008795074758135445,0.0,0.0008795074758135445
Government Errors,1,0,1,0.0008795074758135445,0.0,0.0008795074758135445
Goodnes,1,0,1,0.0008795074758135445,0.0,0.0008795074758135445
Frezier,1,0,1,0.0008795074758135445,0.0,0.0008795074758135445
Canker,1,0,1,0.0008795074758135445,0.0,0.0008795074758135445
Happiness,1,0,1,0.0008795074758135445,0.0,0.0008795074758135445
Histories,1,0,1,0.0008795074758135445,0.0,0.0008795074758135445
Hires,1,0,1,0.0008795074758135445,0.0,0.0008795074758135445
China Raw,1,0,1,0.0008795074758135445,0.0,0.0008795074758135445
Guilders,1,0,1,0.0008795074758135445,0.0,0.0008795074758135445
Hamborough &,1,0,1,0.0008795074758135445,0.0,0.0008795074758135445
the Clothier & the Wool,1,0,1,0.0008795074758135445,0.0,0.0008795074758135445
Bird,1,0,1,0.0008795074758135445,0.0,0.0008795074758135445
Carrat,1,0,1,0.0008795074758135445,0.0,0.0008795074758135445
Chamblet,1,0,1,0.0008795074758135445,0.0,0.0008795074758135445
Hollanders,1,0,1,0.0008795074758135445,0.0,0.0008795074758135445
the Archduke Albertus,1,0,1,0.0008795074758135445,0.0,0.0008795074758135445
Broker of Exchange,1,0,1,0.0008795074758135445,0.0,0.0008795074758135445
Trade and Traine,1,0,1,0.0008795074758135445,0.0,0.0008795074758135445
"Cables, Anchors",1,0,1,0.0008795074758135445,0.0,0.0008795074758135445
Boters,1,0,1,0.0008795074758135445,0.0,0.0008795074758135445
Trenalls,1,0,1,0.0008795074758135445,0.0,0.0008795074758135445
Turnovers,1,0,1,0.0008795074758135445,0.0,0.0008795074758135445
Bolonia Sarsenet,1,0,1,0.0008795074758135445,0.0,0.0008795074758135445
Unprofitable,1,0,1,0.0008795074758135445,0.0,0.0008795074758135445
Iudicious,1,0,1,0.0008795074758135445,0.0,0.0008795074758135445
Kerseys and Tin,1,0,1,0.0008795074758135445,0.0,0.0008795074758135445
Hollands,1,0,1,0.0008795074758135445,0.0,0.0008795074758135445
Howbeit Exchange of Moneys,1,0,1,0.0008795074758135445,0.0,0.0008795074758135445
Bishop Fleetwood,1,0,1,0.0008795074758135445,0.0,0.0008795074758135445
mensura,1,0,1,0.0008795074758135445,0.0,0.0008795074758135445
Change,1,0,1,0.0008795074758135445,0.0,0.0008795074758135445
Labyrinth,1,0,1,0.0008795074758135445,0.0,0.0008795074758135445
Labour,1,0,1,0.0008795074758135445,0.0,0.0008795074758135445
Iacobus,1,0,1,0.0008795074758135445,0.0,0.0008795074758135445
"Lawns, Cambrics",1,0,1,0.0008795074758135445,0.0,0.0008795074758135445
"Iron, Led, Tin",1,0,1,0.0008795074758135445,0.0,0.0008795074758135445
Islands,1,0,1,0.0008795074758135445,0.0,0.0008795074758135445
Iron,1,0,1,0.0008795074758135445,0.0,0.0008795074758135445
Inuoice,1,0,1,0.0008795074758135445,0.0,0.0008795074758135445
Kingdome,1,0,1,0.0008795074758135445,0.0,0.0008795074758135445
Kingdoms and Commonweals,1,0,1,0.0008795074758135445,0.0,0.0008795074758135445
Kings,1,0,1,0.0008795074758135445,0.0,0.0008795074758135445
Flabs of Groninghen 4,1,0,1,0.0008795074758135445,0.0,0.0008795074758135445
Flanders,1,0,1,0.0008795074758135445,0.0,0.0008795074758135445
Lease,1,0,1,0.0008795074758135445,0.0,0.0008795074758135445
Lerwick,1,0,1,0.0008795074758135445,0.0,0.0008795074758135445
Letters of Advice,1,0,1,0.0008795074758135445,0.0,0.0008795074758135445
Leith,1,0,1,0.0008795074758135445,0.0,0.0008795074758135445
Leghorn,1,0,1,0.0008795074758135445,0.0,0.0008795074758135445
Lotaries,1,0,1,0.0008795074758135445,0.0,0.0008795074758135445
Locatio,1,0,1,0.0008795074758135445,0.0,0.0008795074758135445
Majesties,1,0,1,0.0008795074758135445,0.0,0.0008795074758135445
Malesties Praeemption,1,0,1,0.0008795074758135445,0.0,0.0008795074758135445
Maluidies,1,0,1,0.0008795074758135445,0.0,0.0008795074758135445
Lucern,1,0,1,0.0008795074758135445,0.0,0.0008795074758135445
Marius,1,0,1,0.0008795074758135445,0.0,0.0008795074758135445
Monnoies,1,0,1,0.0008795074758135445,0.0,0.0008795074758135445
Mercers of London,1,0,1,0.0008795074758135445,0.0,0.0008795074758135445
"Imposts, Demesnes",1,0,1,0.0008795074758135445,0.0,0.0008795074758135445
Interest Money,1,0,1,0.0008795074758135445,0.0,0.0008795074758135445
Interest of Money,1,0,1,0.0008795074758135445,0.0,0.0008795074758135445
Money and Exchange,1,0,1,0.0008795074758135445,0.0,0.0008795074758135445
the States of the United Provinces,1,0,1,0.0008795074758135445,0.0,0.0008795074758135445
Money for Wares,1,0,1,0.0008795074758135445,0.0,0.0008795074758135445
Moneys and Exchange,1,0,1,0.0008795074758135445,0.0,0.0008795074758135445
Vintage,1,0,1,0.0008795074758135445,0.0,0.0008795074758135445
Villages,1,0,1,0.0008795074758135445,0.0,0.0008795074758135445
Wareswil,1,0,1,0.0008795074758135445,0.0,0.0008795074758135445
Warlike Provisions,1,0,1,0.0008795074758135445,0.0,0.0008795074758135445
West-Indies Fleet,1,0,1,0.0008795074758135445,0.0,0.0008795074758135445
Wardhouse,1,0,1,0.0008795074758135445,0.0,0.0008795074758135445
Woolegrower,1,0,1,0.0008795074758135445,0.0,0.0008795074758135445
Wools,1,0,1,0.0008795074758135445,0.0,0.0008795074758135445
Yronmongers,1,0,1,0.0008795074758135445,0.0,0.0008795074758135445
a Letter of Credit,1,0,1,0.0008795074758135445,0.0,0.0008795074758135445
Conditions,1,0,1,0.0008795074758135445,0.0,0.0008795074758135445
Contract,1,0,1,0.0008795074758135445,0.0,0.0008795074758135445
"Cordage, Ordnance, Victuals,",1,0,1,0.0008795074758135445,0.0,0.0008795074758135445
Woll,1,0,1,0.0008795074758135445,0.0,0.0008795074758135445
Suggestion,1,0,1,0.0008795074758135445,0.0,0.0008795074758135445
Suit of Mill,1,0,1,0.0008795074758135445,0.0,0.0008795074758135445
Mr Byron,1,0,1,0.0008795074758135445,0.0,0.0008795074758135445
Munition and Provisions,1,0,1,0.0008795074758135445,0.0,0.0008795074758135445
"Mysteries, &",1,0,1,0.0008795074758135445,0.0,0.0008795074758135445
"Plackx, Atchisons, Nonsunts",1,0,1,0.0008795074758135445,0.0,0.0008795074758135445
Plymouth,1,0,1,0.0008795074758135445,0.0,0.0008795074758135445
Porte,1,0,1,0.0008795074758135445,0.0,0.0008795074758135445
Monsieur Malestroit,1,0,1,0.0008795074758135445,0.0,0.0008795074758135445
Motus,1,0,1,0.0008795074758135445,0.0,0.0008795074758135445
Occidental,1,0,1,0.0008795074758135445,0.0,0.0008795074758135445
Office of the King's,1,0,1,0.0008795074758135445,0.0,0.0008795074758135445
Credit of Land,1,0,1,0.0008795074758135445,0.0,0.0008795074758135445
Cumberland,1,0,1,0.0008795074758135445,0.0,0.0008795074758135445
Naturall Exchange,1,0,1,0.0008795074758135445,0.0,0.0008795074758135445
Strangers,1,0,1,0.0008795074758135445,0.0,0.0008795074758135445
"Madril, Lions, Civil,",1,0,1,0.0008795074758135445,0.0,0.0008795074758135445
Customs,1,0,1,0.0008795074758135445,0.0,0.0008795074758135445
Deare,1,0,1,0.0008795074758135445,0.0,0.0008795074758135445
Diamond,1,0,1,0.0008795074758135445,0.0,0.0008795074758135445
THE Monies of Christendom,1,0,1,0.0008795074758135445,0.0,0.0008795074758135445
Table,1,0,1,0.0008795074758135445,0.0,0.0008795074758135445
Taxes,1,0,1,0.0008795074758135445,0.0,0.0008795074758135445
The Basis of Exchange,1,0,1,0.0008795074758135445,0.0,0.0008795074758135445
The East-India Company,1,0,1,0.0008795074758135445,0.0,0.0008795074758135445
The East-India Trade,1,0,1,0.0008795074758135445,0.0,0.0008795074758135445
Spice,1,0,1,0.0008795074758135445,0.0,0.0008795074758135445
The Flat Diamonds,1,0,1,0.0008795074758135445,0.0,0.0008795074758135445
The French Company The French Company,1,0,1,0.0008795074758135445,0.0,0.0008795074758135445
The Running Lotaries,1,0,1,0.0008795074758135445,0.0,0.0008795074758135445
Stone,1,0,1,0.0008795074758135445,0.0,0.0008795074758135445
Societies of English,1,0,1,0.0008795074758135445,0.0,0.0008795074758135445
Commission of a Merchant,1,0,1,0.0008795074758135445,0.0,0.0008795074758135445
Staple Trade,1,0,1,0.0008795074758135445,0.0,0.0008795074758135445
Statute Staple,1,0,1,0.0008795074758135445,0.0,0.0008795074758135445
Sterling,1,0,1,0.0008795074758135445,0.0,0.0008795074758135445
Rule of Arithmitike,1,0,1,0.0008795074758135445,0.0,0.0008795074758135445
SILVER,1,0,1,0.0008795074758135445,0.0,0.0008795074758135445
Shipping,1,0,1,0.0008795074758135445,0.0,0.0008795074758135445
Ships Essex,1,0,1,0.0008795074758135445,0.0,0.0008795074758135445
Drapery,1,0,1,0.0008795074758135445,0.0,0.0008795074758135445
Droits,1,0,1,0.0008795074758135445,0.0,0.0008795074758135445
East-India Commodities,1,0,1,0.0008795074758135445,0.0,0.0008795074758135445
Eastland Merchants,1,0,1,0.0008795074758135445,0.0,0.0008795074758135445
Pipe,1,0,1,0.0008795074758135445,0.0,0.0008795074758135445
Placcart,1,0,1,0.0008795074758135445,0.0,0.0008795074758135445
Oriental Pearls,1,0,1,0.0008795074758135445,0.0,0.0008795074758135445
Negotiativa,1,0,1,0.0008795074758135445,0.0,0.0008795074758135445
Ports,1,0,1,0.0008795074758135445,0.0,0.0008795074758135445
Paulus Aemilius,1,0,1,0.0008795074758135445,0.0,0.0008795074758135445
Pepper and Calicoes,1,0,1,0.0008795074758135445,0.0,0.0008795074758135445
Paulus Aemylius,1,0,1,0.0008795074758135445,0.0,0.0008795074758135445
Commodities and Exchange,1,0,1,0.0008795074758135445,0.0,0.0008795074758135445
Commonweal,1,0,1,0.0008795074758135445,0.0,0.0008795074758135445
Combination,1,0,1,0.0008795074758135445,0.0,0.0008795074758135445
Permutation of Monies,1,0,1,0.0008795074758135445,0.0,0.0008795074758135445
Praeemption,1,0,1,0.0008795074758135445,0.0,0.0008795074758135445
Prerogative Royal,1,0,1,0.0008795074758135445,0.0,0.0008795074758135445
Prerogatives,1,0,1,0.0008795074758135445,0.0,0.0008795074758135445
Princes and Commonweals,1,0,1,0.0008795074758135445,0.0,0.0008795074758135445
Privy Council,1,0,1,0.0008795074758135445,0.0,0.0008795074758135445
Procuration,1,0,1,0.0008795074758135445,0.0,0.0008795074758135445
Publique Vtility,1,0,1,0.0008795074758135445,0.0,0.0008795074758135445
Commanders,1,0,1,0.0008795074758135445,0.0,0.0008795074758135445
Ready Money,1,0,1,0.0008795074758135445,0.0,0.0008795074758135445
Realme,1,0,1,0.0008795074758135445,0.0,0.0008795074758135445
Register,1,0,1,0.0008795074758135445,0.0,0.0008795074758135445
Religion,1,0,1,0.0008795074758135445,0.0,0.0008795074758135445
Retailers,1,0,1,0.0008795074758135445,0.0,0.0008795074758135445
Rouen and Calais,1,0,1,0.0008795074758135445,0.0,0.0008795074758135445
Royal 2 ½,1,0,1,0.0008795074758135445,0.0,0.0008795074758135445
the Setting of the Price,1,0,1,0.0008795074758135445,0.0,0.0008795074758135445
the Silver Bullion,1,0,1,0.0008795074758135445,0.0,0.0008795074758135445
the Par of Exchange,1,0,1,0.0008795074758135445,0.0,0.0008795074758135445
the Plantation of Virginia,1,0,1,0.0008795074758135445,0.0,0.0008795074758135445
the Procurations or Commissions,1,0,1,0.0008795074758135445,0.0,0.0008795074758135445
the Publike Liberty,1,0,1,0.0008795074758135445,0.0,0.0008795074758135445
the Publique Vtility of the Kingdome,1,0,1,0.0008795074758135445,0.0,0.0008795074758135445
Exchange of England,1,0,1,0.0008795074758135445,0.0,0.0008795074758135445
Rates,1,0,1,0.0008795074758135445,0.0,0.0008795074758135445
the Realm &,1,0,1,0.0008795074758135445,0.0,0.0008795074758135445
the Rickx Doller,1,0,1,0.0008795074758135445,0.0,0.0008795074758135445
the King of England,1,0,1,0.0008795074758135445,0.0,0.0008795074758135445
"the Seas, Merchants",1,0,1,0.0008795074758135445,0.0,0.0008795074758135445
Engrossing of Trade,1,0,1,0.0008795074758135445,0.0,0.0008795074758135445
Equal Exchange,1,0,1,0.0008795074758135445,0.0,0.0008795074758135445
the Trade of Cloth,1,0,1,0.0008795074758135445,0.0,0.0008795074758135445
the King's Seas,1,0,1,0.0008795074758135445,0.0,0.0008795074758135445
the Trade of Raw-,1,0,1,0.0008795074758135445,0.0,0.0008795074758135445
the Trade of the East-Indies,1,0,1,0.0008795074758135445,0.0,0.0008795074758135445
the Indians Manecas,1,0,1,0.0008795074758135445,0.0,0.0008795074758135445
the Importation and Consumption of Abundance,1,0,1,0.0008795074758135445,0.0,0.0008795074758135445
the Judgement and Experience of my Country Men,1,0,1,0.0008795074758135445,0.0,0.0008795074758135445
Cinnamon,1,0,1,0.0008795074758135445,0.0,0.0008795074758135445
the Commodities of Holland,1,0,1,0.0008795074758135445,0.0,0.0008795074758135445
the Common Libertie,1,0,1,0.0008795074758135445,0.0,0.0008795074758135445
the Common Losse,1,0,1,0.0008795074758135445,0.0,0.0008795074758135445
Caesar,1,0,1,0.0008795074758135445,0.0,0.0008795074758135445
the Consumption of foreign Commodities,1,0,1,0.0008795074758135445,0.0,0.0008795074758135445
the Currant Exchange,1,0,1,0.0008795074758135445,0.0,0.0008795074758135445
the Custom House,1,0,1,0.0008795074758135445,0.0,0.0008795074758135445
the Double Rider,1,0,1,0.0008795074758135445,0.0,0.0008795074758135445
the Drapery of foreign Nations,1,0,1,0.0008795074758135445,0.0,0.0008795074758135445
the East-India Company,1,0,1,0.0008795074758135445,0.0,0.0008795074758135445
the European World,1,0,1,0.0008795074758135445,0.0,0.0008795074758135445
the Exchange for Money,1,0,1,0.0008795074758135445,0.0,0.0008795074758135445
the Ilands of Melazo & Chius,1,0,1,0.0008795074758135445,0.0,0.0008795074758135445
Bank of England,1,0,1,0.0008795074758135445,0.0,0.0008795074758135445
Abstract,1,0,1,0.0008795074758135445,0.0,0.0008795074758135445
this Positive Exchange,1,0,1,0.0008795074758135445,0.0,0.0008795074758135445
Barrel,1,0,1,0.0008795074758135445,0.0,0.0008795074758135445
Basis,1,0,1,0.0008795074758135445,0.0,0.0008795074758135445
Tower,6,3,9,0.005277044854881266,0.004451038575667656,0.0008260062792136104
Commodity,11,6,17,0.009674582233948988,0.008902077151335312,0.000772505082613676
Commission,4,2,6,0.003518029903254178,0.002967359050445104,0.0005506708528090739
Clothiers,4,2,6,0.003518029903254178,0.002967359050445104,0.0005506708528090739
Neighbours,4,2,6,0.003518029903254178,0.002967359050445104,0.0005506708528090739
Preemption of Tin,2,1,3,0.001759014951627089,0.001483679525222552,0.00027533542640453693
Taker,2,1,3,0.001759014951627089,0.001483679525222552,0.00027533542640453693
Treatise,2,1,3,0.001759014951627089,0.001483679525222552,0.00027533542640453693
Gentleman,2,1,3,0.001759014951627089,0.001483679525222552,0.00027533542640453693
party & party,2,1,3,0.001759014951627089,0.001483679525222552,0.00027533542640453693
Banker,2,1,3,0.001759014951627089,0.001483679525222552,0.00027533542640453693
Compass,2,1,3,0.001759014951627089,0.001483679525222552,0.00027533542640453693
Company,3,2,5,0.002638522427440633,0.002967359050445104,-0.0003288366230044708
Manufacture,3,2,5,0.002638522427440633,0.002967359050445104,-0.0003288366230044708
Scrivener,1,1,2,0.0008795074758135445,0.001483679525222552,-0.0006041720494090075
Passive,1,1,2,0.0008795074758135445,0.001483679525222552,-0.0006041720494090075
"Shearmen, Clothiers, Dyers",1,1,2,0.0008795074758135445,0.001483679525222552,-0.0006041720494090075
"Money, Bullion",1,1,2,0.0008795074758135445,0.001483679525222552,-0.0006041720494090075
"Breakers, Combers,",1,1,2,0.0008795074758135445,0.001483679525222552,-0.0006041720494090075
London Merchant,1,1,2,0.0008795074758135445,0.001483679525222552,-0.0006041720494090075
Material,1,1,2,0.0008795074758135445,0.001483679525222552,-0.0006041720494090075
Recall Trade of Merchants,1,1,2,0.0008795074758135445,0.001483679525222552,-0.0006041720494090075
Non-vſe,1,1,2,0.0008795074758135445,0.001483679525222552,-0.0006041720494090075
Noblemen &,1,1,2,0.0008795074758135445,0.001483679525222552,-0.0006041720494090075
Nutmegs 3 s,1,1,2,0.0008795074758135445,0.001483679525222552,-0.0006041720494090075
Artificial,1,1,2,0.0008795074758135445,0.001483679525222552,-0.0006041720494090075
the The State,1,1,2,0.0008795074758135445,0.001483679525222552,-0.0006041720494090075
Fuller,1,1,2,0.0008795074758135445,0.001483679525222552,-0.0006041720494090075
Bullion and Dollars,1,1,2,0.0008795074758135445,0.001483679525222552,-0.0006041720494090075
Fermer,1,1,2,0.0008795074758135445,0.001483679525222552,-0.0006041720494090075
Bullion,6,4,10,0.005277044854881266,0.005934718100890208,-0.0006576732460089416
Florence,2,2,4,0.001759014951627089,0.002967359050445104,-0.001208344098818015
bee,2,2,4,0.001759014951627089,0.002967359050445104,-0.001208344098818015
Downs,2,2,4,0.001759014951627089,0.002967359050445104,-0.001208344098818015
Magistrates,2,2,4,0.001759014951627089,0.002967359050445104,-0.001208344098818015
the West Indies,2,2,4,0.001759014951627089,0.002967359050445104,-0.001208344098818015
the Low-Exchange,2,2,4,0.001759014951627089,0.002967359050445104,-0.001208344098818015
Tobacco,2,2,4,0.001759014951627089,0.002967359050445104,-0.001208344098818015
the Royal Exchange,2,2,4,0.001759014951627089,0.002967359050445104,-0.001208344098818015
Parliament,2,2,4,0.001759014951627089,0.002967359050445104,-0.001208344098818015
Duchess,0,1,1,0.0,0.001483679525222552,-0.001483679525222552
Elephantike Body,0,1,1,0.0,0.001483679525222552,-0.001483679525222552
Sell,0,1,1,0.0,0.001483679525222552,-0.001483679525222552
Efficient,0,1,1,0.0,0.001483679525222552,-0.001483679525222552
the Trade of Calicoes,0,1,1,0.0,0.001483679525222552,-0.001483679525222552
"Cloth, Bays, Perpetuanoes",0,1,1,0.0,0.001483679525222552,-0.001483679525222552
the Importation of Silk,0,1,1,0.0,0.001483679525222552,-0.001483679525222552
the King and Commonwealth,0,1,1,0.0,0.001483679525222552,-0.001483679525222552
"the Corn Trade, Tract",0,1,1,0.0,0.001483679525222552,-0.001483679525222552
the Flower de Luce,0,1,1,0.0,0.001483679525222552,-0.001483679525222552
the Custom of Merchants,0,1,1,0.0,0.001483679525222552,-0.001483679525222552
the Essay on the Police of Grain,0,1,1,0.0,0.001483679525222552,-0.001483679525222552
the Essay on the Policy of Grain,0,1,1,0.0,0.001483679525222552,-0.001483679525222552
Banks and Bankers o● Christendom,0,1,1,0.0,0.001483679525222552,-0.001483679525222552
the Trade of Bengal,0,1,1,0.0,0.001483679525222552,-0.001483679525222552
Accusation,0,1,1,0.0,0.001483679525222552,-0.001483679525222552
Bengall Silk,0,1,1,0.0,0.001483679525222552,-0.001483679525222552
Bank at Lions,0,1,1,0.0,0.001483679525222552,-0.001483679525222552
Authority,0,1,1,0.0,0.001483679525222552,-0.001483679525222552
the United Provinces of,0,1,1,0.0,0.001483679525222552,-0.001483679525222552
gold & silver,0,1,1,0.0,0.001483679525222552,-0.001483679525222552
the Balance of Trade,0,1,1,0.0,0.001483679525222552,-0.001483679525222552
the Turkey Merchants,0,1,1,0.0,0.001483679525222552,-0.001483679525222552
the Union with England,0,1,1,0.0,0.001483679525222552,-0.001483679525222552
the Valuation of Moneys,0,1,1,0.0,0.001483679525222552,-0.001483679525222552
the Value of Silver,0,1,1,0.0,0.001483679525222552,-0.001483679525222552
"the angel, & was",0,1,1,0.0,0.001483679525222552,-0.001483679525222552
the west Indies,0,1,1,0.0,0.001483679525222552,-0.001483679525222552
Philip de Valois,0,1,1,0.0,0.001483679525222552,-0.001483679525222552
Parity,0,1,1,0.0,0.001483679525222552,-0.001483679525222552
Praeemption of Tin,0,1,1,0.0,0.001483679525222552,-0.001483679525222552
Rent and Value of Land,0,1,1,0.0,0.001483679525222552,-0.001483679525222552
Prince's Valuation,0,1,1,0.0,0.001483679525222552,-0.001483679525222552
Rate,0,1,1,0.0,0.001483679525222552,-0.001483679525222552
Red Herrings,0,1,1,0.0,0.001483679525222552,-0.001483679525222552
Cobblers,0,1,1,0.0,0.001483679525222552,-0.001483679525222552
Coin of other Countries,0,1,1,0.0,0.001483679525222552,-0.001483679525222552
the Common Trade,0,1,1,0.0,0.001483679525222552,-0.001483679525222552
the Rule of exchange,0,1,1,0.0,0.001483679525222552,-0.001483679525222552
Equality and Equity,0,1,1,0.0,0.001483679525222552,-0.001483679525222552
"the Realm, & the merchandizing exchange",0,1,1,0.0,0.001483679525222552,-0.001483679525222552
"Commodities, Trade",0,1,1,0.0,0.001483679525222552,-0.001483679525222552
Sufferers,0,1,1,0.0,0.001483679525222552,-0.001483679525222552
Denier,0,1,1,0.0,0.001483679525222552,-0.001483679525222552
Stand,0,1,1,0.0,0.001483679525222552,-0.001483679525222552
Stock of Sheep,0,1,1,0.0,0.001483679525222552,-0.001483679525222552
Letters Patents,0,1,1,0.0,0.001483679525222552,-0.001483679525222552
Lender,0,1,1,0.0,0.001483679525222552,-0.001483679525222552
First Period.—In 1350,0,1,1,0.0,0.001483679525222552,-0.001483679525222552
Monopolies,0,1,1,0.0,0.001483679525222552,-0.001483679525222552
Linen,0,1,1,0.0,0.001483679525222552,-0.001483679525222552
"Money and Bullion, Enhancing of Silver",0,1,1,0.0,0.001483679525222552,-0.001483679525222552
Money and Bullion,0,1,1,0.0,0.001483679525222552,-0.001483679525222552
Considerable Diminution,0,1,1,0.0,0.001483679525222552,-0.001483679525222552
Contingencies,0,1,1,0.0,0.001483679525222552,-0.001483679525222552
Contracts,0,1,1,0.0,0.001483679525222552,-0.001483679525222552
Variations,0,1,1,0.0,0.001483679525222552,-0.001483679525222552
Values of Gold,0,1,1,0.0,0.001483679525222552,-0.001483679525222552
aequum & bonum,0,1,1,0.0,0.001483679525222552,-0.001483679525222552
Grower,0,1,1,0.0,0.001483679525222552,-0.001483679525222552
Foreign Manufactors,0,1,1,0.0,0.001483679525222552,-0.001483679525222552
Foreign Ware,0,1,1,0.0,0.001483679525222552,-0.001483679525222552
Transportation,0,1,1,0.0,0.001483679525222552,-0.001483679525222552
Monsieur Bodine,0,1,1,0.0,0.001483679525222552,-0.001483679525222552
Plare,0,1,1,0.0,0.001483679525222552,-0.001483679525222552
Subject,0,1,1,0.0,0.001483679525222552,-0.001483679525222552
Nullum,0,1,1,0.0,0.001483679525222552,-0.001483679525222552
Discourses,0,1,1,0.0,0.001483679525222552,-0.001483679525222552
Usury of Course,0,1,1,0.0,0.001483679525222552,-0.001483679525222552
Maxim,0,1,1,0.0,0.001483679525222552,-0.001483679525222552
Conquest,0,1,1,0.0,0.001483679525222552,-0.001483679525222552
Todde,0,1,1,0.0,0.001483679525222552,-0.001483679525222552
Douzaine,0,1,1,0.0,0.001483679525222552,-0.001483679525222552
Newfoundland Fish,0,1,1,0.0,0.001483679525222552,-0.001483679525222552
The Fertility of France,0,1,1,0.0,0.001483679525222552,-0.001483679525222552
Three Distinction,0,1,1,0.0,0.001483679525222552,-0.001483679525222552
Silks,0,1,1,0.0,0.001483679525222552,-0.001483679525222552
Sight,0,1,1,0.0,0.001483679525222552,-0.001483679525222552
General Rules,0,1,1,0.0,0.001483679525222552,-0.001483679525222552
the Archduke of Burgundy,0,1,1,0.0,0.001483679525222552,-0.001483679525222552
Usance,0,1,1,0.0,0.001483679525222552,-0.001483679525222552
Bullion or Ryals of Plate,0,1,1,0.0,0.001483679525222552,-0.001483679525222552
Gain the Centre,0,1,1,0.0,0.001483679525222552,-0.001483679525222552
Bills of Entries,0,1,1,0.0,0.001483679525222552,-0.001483679525222552
the Base Money,0,1,1,0.0,0.001483679525222552,-0.001483679525222552
the Bills of Entries,0,1,1,0.0,0.001483679525222552,-0.001483679525222552
Undoing,0,1,1,0.0,0.001483679525222552,-0.001483679525222552
Julius Caesar,0,1,1,0.0,0.001483679525222552,-0.001483679525222552
Husbandman,0,1,1,0.0,0.001483679525222552,-0.001483679525222552
Toison,0,1,1,0.0,0.001483679525222552,-0.001483679525222552
considerandus & inspiciendus,0,1,1,0.0,0.001483679525222552,-0.001483679525222552
K. saint Lewis,0,1,1,0.0,0.001483679525222552,-0.001483679525222552
the King's Custom,1,2,3,0.0008795074758135445,0.002967359050445104,-0.0020878515746315593
Spirit,1,2,3,0.0008795074758135445,0.002967359050445104,-0.0020878515746315593
the Baseness of this Manufacture,1,2,3,0.0008795074758135445,0.002967359050445104,-0.0020878515746315593
Turkey Silk,1,2,3,0.0008795074758135445,0.002967359050445104,-0.0020878515746315593
Farmers,1,2,3,0.0008795074758135445,0.002967359050445104,-0.0020878515746315593
the Merchant Stranger,1,2,3,0.0008795074758135445,0.002967359050445104,-0.0020878515746315593
Foreign-Merchants,1,2,3,0.0008795074758135445,0.002967359050445104,-0.0020878515746315593
Time,1,2,3,0.0008795074758135445,0.002967359050445104,-0.0020878515746315593
Silk,1,2,3,0.0008795074758135445,0.002967359050445104,-0.0020878515746315593
Markets,1,2,3,0.0008795074758135445,0.002967359050445104,-0.0020878515746315593
Natural,1,2,3,0.0008795074758135445,0.002967359050445104,-0.0020878515746315593
Portugal Sugars,1,2,3,0.0008795074758135445,0.002967359050445104,-0.0020878515746315593
Emperors,1,2,3,0.0008795074758135445,0.002967359050445104,-0.0020878515746315593
the Exportation of Woollen Manufactures,1,2,3,0.0008795074758135445,0.002967359050445104,-0.0020878515746315593
the Positive Exchange,4,4,8,0.003518029903254178,0.005934718100890208,-0.00241668819763603
West Indies Fleet,2,3,5,0.001759014951627089,0.004451038575667656,-0.002692023624040567
Misselden,2,3,5,0.001759014951627089,0.004451038575667656,-0.002692023624040567
Equin,0,2,2,0.0,0.002967359050445104,-0.002967359050445104
Sea-Coals,0,2,2,0.0,0.002967359050445104,-0.002967359050445104
Dropsy,0,2,2,0.0,0.002967359050445104,-0.002967359050445104
Pillory,0,2,2,0.0,0.002967359050445104,-0.002967359050445104
Quartfield,0,2,2,0.0,0.002967359050445104,-0.002967359050445104
Propriety,0,2,2,0.0,0.002967359050445104,-0.002967359050445104
Bankrupt,0,2,2,0.0,0.002967359050445104,-0.002967359050445104
Engrossers,0,2,2,0.0,0.002967359050445104,-0.002967359050445104
Intercourse,0,2,2,0.0,0.002967359050445104,-0.002967359050445104
Custom,0,2,2,0.0,0.002967359050445104,-0.002967359050445104
Coals,0,2,2,0.0,0.002967359050445104,-0.002967359050445104
Ships of War,0,2,2,0.0,0.002967359050445104,-0.002967359050445104
Sinews,0,2,2,0.0,0.002967359050445104,-0.002967359050445104
Ocean,0,2,2,0.0,0.002967359050445104,-0.002967359050445104
Merchant,0,2,2,0.0,0.002967359050445104,-0.002967359050445104
Subsistence,0,2,2,0.0,0.002967359050445104,-0.002967359050445104
Surfeit,0,2,2,0.0,0.002967359050445104,-0.002967359050445104
Lazy,0,2,2,0.0,0.002967359050445104,-0.002967359050445104
Fleets,0,2,2,0.0,0.002967359050445104,-0.002967359050445104
Lions,0,2,2,0.0,0.002967359050445104,-0.002967359050445104
Fishing Harbours,0,2,2,0.0,0.002967359050445104,-0.002967359050445104
Goldsmiths and Merchants,0,2,2,0.0,0.002967359050445104,-0.002967359050445104
Cicero,0,2,2,0.0,0.002967359050445104,-0.002967359050445104
Tumbrel,0,2,2,0.0,0.002967359050445104,-0.002967359050445104
Trader,0,2,2,0.0,0.002967359050445104,-0.002967359050445104
Basis of true valuation,0,2,2,0.0,0.002967359050445104,-0.002967359050445104
labor,0,2,2,0.0,0.002967359050445104,-0.002967359050445104
causeth us,0,2,2,0.0,0.002967359050445104,-0.002967359050445104
the Bankrupt for Wares,0,2,2,0.0,0.002967359050445104,-0.002967359050445104
Foreigners,0,2,2,0.0,0.002967359050445104,-0.002967359050445104
Fair,0,2,2,0.0,0.002967359050445104,-0.002967359050445104
Beer and Ale,0,2,2,0.0,0.002967359050445104,-0.002967359050445104
Assertion,0,2,2,0.0,0.002967359050445104,-0.002967359050445104
Bankers,5,5,10,0.0043975373790677225,0.00741839762611276,-0.0030208602470450374
Coin,3,4,7,0.002638522427440633,0.005934718100890208,-0.0032961956734495748
Plate,3,4,7,0.002638522427440633,0.005934718100890208,-0.0032961956734495748
Pag,1,3,4,0.0008795074758135445,0.004451038575667656,-0.0035715310998541113
Credit,1,3,4,0.0008795074758135445,0.004451038575667656,-0.0035715310998541113
Christendom,2,4,6,0.001759014951627089,0.005934718100890208,-0.004175703149263119
Commodities of Trade,0,3,3,0.0,0.004451038575667656,-0.004451038575667656
the Progress of Improvement,0,3,3,0.0,0.004451038575667656,-0.004451038575667656
deliverer,0,3,3,0.0,0.004451038575667656,-0.004451038575667656
Spherical,0,3,3,0.0,0.004451038575667656,-0.004451038575667656
Monies,0,3,3,0.0,0.004451038575667656,-0.004451038575667656
Bankerers,0,3,3,0.0,0.004451038575667656,-0.004451038575667656
King's,0,3,3,0.0,0.004451038575667656,-0.004451038575667656
Clothier,5,6,11,0.0043975373790677225,0.008902077151335312,-0.004504539772267589
Errors,1,4,5,0.0008795074758135445,0.005934718100890208,-0.005055210625076663
Takers,1,4,5,0.0008795074758135445,0.005934718100890208,-0.005055210625076663
Currant Exchange,1,4,5,0.0008795074758135445,0.005934718100890208,-0.005055210625076663
Nations,11,10,21,0.009674582233948988,0.01483679525222552,-0.005162213018276532
the Public Measure,2,5,7,0.001759014951627089,0.00741839762611276,-0.0056593826744856714
"Commodities, & the",0,4,4,0.0,0.005934718100890208,-0.005934718100890208
Heart,0,4,4,0.0,0.005934718100890208,-0.005934718100890208
Monopoly,0,4,4,0.0,0.005934718100890208,-0.005934718100890208
Communibus,0,4,4,0.0,0.005934718100890208,-0.005934718100890208
Paradoxes,4,7,11,0.003518029903254178,0.010385756676557863,-0.006867726773303685
Mint,12,12,24,0.010554089709762533,0.017804154302670624,-0.007250064592908091
Cutcheneale,6,9,15,0.005277044854881266,0.013353115727002967,-0.0080760708721217
the Canker of England's,0,6,6,0.0,0.008902077151335312,-0.008902077151335312
Traffic,3,8,11,0.002638522427440633,0.011869436201780416,-0.009230913774339784
Trade,58,41,99,0.051011433597185574,0.06083086053412463,-0.009819426936939053
Positive Exchange,2,8,10,0.001759014951627089,0.011869436201780416,-0.010110421250153327
Commonwealth,8,12,20,0.007036059806508356,0.017804154302670624,-0.010768094496162268
Countries,11,18,29,0.009674582233948988,0.026706231454005934,-0.017031649220056948
Commodities,25,39,64,0.02198768689533861,0.057863501483679525,-0.03587581458834091
Exchange,97,109,206,0.0853122251539138,0.16172106824925817,-0.07640884309534436
